element,tag,id,type,class,name,aria-autocomplete,title,href,text,value,aria-label
"Log in with Google
Log in with Github
Log in with SSO
OR
Show
LOGIN
Forgot Password?
No account? Sign up
By clicking Login or signing in through a third party you accept the LambdaTest Terms of Service and acknowledge the Privacy Policy and Cookie Policy
Home
About
Reviews
Integrations
Privacy
Terms
Pricing
Community
Contact
Affiliate
Customers",html,None,None,js-focus-visible,None,None,None,None,"Log in with Google
Log in with Github
Log in with SSO
OR
Show
LOGIN
Forgot Password?
No account? Sign up
By clicking Login or signing in through a third party you accept the LambdaTest Terms of Service and acknowledge the Privacy Policy and Cookie Policy
Home
About
Reviews
Integrations
Privacy
Terms
Pricing
Community
Contact
Affiliate
Customers",None,None
None,head,None,None,None,None,None,None,None,None,None,None
None,link,None,None,None,None,None,None,https://accounts.lambdatest.com/icons/favicon.ico,None,None,None
None,link,None,image/x-icon,None,None,None,None,https://accounts.lambdatest.com/icons/favicon-16x16.png,None,None,None
None,link,None,image/x-icon,None,None,None,None,https://accounts.lambdatest.com/icons/favicon-32x32.png,None,None,None
None,link,None,image/x-icon,None,None,None,None,https://accounts.lambdatest.com/icons/favicon-96x96.png,None,None,None
None,meta,None,None,None,None,None,None,None,None,None,None
None,meta,None,None,None,None,None,None,None,None,None,None
None,meta,None,None,None,viewport,None,None,None,None,None,None
None,meta,None,None,None,keywords,None,None,None,None,None,None
None,meta,None,None,None,None,None,None,None,None,None,None
None,meta,None,None,None,None,None,None,None,None,None,None
None,meta,None,None,None,None,None,None,None,None,None,None
None,meta,None,None,None,None,None,None,None,None,None,None
None,meta,None,None,None,None,None,None,None,None,None,None
None,meta,None,None,None,twitter:card,None,None,None,None,None,None
None,meta,None,None,None,twitter:title,None,None,None,None,None,None
None,meta,None,None,None,twitter:description,None,None,None,None,None,None
None,meta,None,None,None,twitter:url,None,None,None,None,None,None
None,meta,None,None,None,twitter:image,None,None,None,None,None,None
None,link,None,None,None,None,None,None,https://accounts.lambdatest.com/icons/favicon-96x96.png,None,None,None
None,link,None,None,None,None,None,None,https://accounts.lambdatest.com/manifest.json,None,None,None
None,script,None,text/javascript,None,None,None,None,None,None,None,None
None,script,None,text/javascript,None,None,None,None,None,None,None,None
None,script,None,None,None,None,None,None,None,None,None,None
None,script,None,text/javascript,None,None,None,None,None,None,None,None
None,script,None,None,None,None,None,None,None,None,None,None
None,script,None,text/javascript,None,None,None,None,None,None,None,None
None,script,None,text/javascript,None,None,None,None,None,None,None,None
None,script,None,text/javascript,None,None,None,None,None,None,None,None
None,script,None,text/javascript,None,None,None,None,None,None,None,None
None,script,None,text/javascript,None,None,None,None,None,None,None,None
None,script,None,None,None,None,None,None,None,None,None,None
None,script,None,None,None,None,None,None,None,None,None,None
None,title,None,None,None,None,None,None,None,None,None,None
None,script,None,None,None,None,None,None,None,None,None,None
None,link,None,None,None,None,None,None,https://accounts.lambdatest.com/static/css/main.1348ce41.css,None,None,None
None,style,_goober,None,None,None,None,None,None,None,None,None
None,style,None,None,None,None,None,None,None,None,None,None
None,script,None,module,None,None,None,None,None,None,None,None
None,meta,None,None,None,None,None,None,None,None,None,None
None,script,None,text/javascript,None,None,None,None,None,None,None,None
None,meta,None,None,None,None,None,None,None,None,None,None
None,script,None,text/javascript,None,None,None,None,None,None,None,None
"Log in with Google
Log in with Github
Log in with SSO
OR
Show
LOGIN
Forgot Password?
No account? Sign up
By clicking Login or signing in through a third party you accept the LambdaTest Terms of Service and acknowledge the Privacy Policy and Cookie Policy
Home
About
Reviews
Integrations
Privacy
Terms
Pricing
Community
Contact
Affiliate
Customers",body,None,None,None,None,None,None,None,"Log in with Google
Log in with Github
Log in with SSO
OR
Show
LOGIN
Forgot Password?
No account? Sign up
By clicking Login or signing in through a third party you accept the LambdaTest Terms of Service and acknowledge the Privacy Policy and Cookie Policy
Home
About
Reviews
Integrations
Privacy
Terms
Pricing
Community
Contact
Affiliate
Customers",None,None
None,noscript,None,None,None,None,None,None,None,None,None,None
"Log in with Google
Log in with Github
Log in with SSO
OR
Show
LOGIN
Forgot Password?
No account? Sign up
By clicking Login or signing in through a third party you accept the LambdaTest Terms of Service and acknowledge the Privacy Policy and Cookie Policy
Home
About
Reviews
Integrations
Privacy
Terms
Pricing
Community
Contact
Affiliate
Customers",div,app,None,None,None,None,None,None,"Log in with Google
Log in with Github
Log in with SSO
OR
Show
LOGIN
Forgot Password?
No account? Sign up
By clicking Login or signing in through a third party you accept the LambdaTest Terms of Service and acknowledge the Privacy Policy and Cookie Policy
Home
About
Reviews
Integrations
Privacy
Terms
Pricing
Community
Contact
Affiliate
Customers",None,None
"Log in with Google
Log in with Github
Log in with SSO
OR
Show
LOGIN
Forgot Password?
No account? Sign up
By clicking Login or signing in through a third party you accept the LambdaTest Terms of Service and acknowledge the Privacy Policy and Cookie Policy
Home
About
Reviews
Integrations
Privacy
Terms
Pricing
Community
Contact
Affiliate
Customers",div,None,None,BaseStyles__Base-sc-nfjs56-0 fNpFRc,None,None,None,None,"Log in with Google
Log in with Github
Log in with SSO
OR
Show
LOGIN
Forgot Password?
No account? Sign up
By clicking Login or signing in through a third party you accept the LambdaTest Terms of Service and acknowledge the Privacy Policy and Cookie Policy
Home
About
Reviews
Integrations
Privacy
Terms
Pricing
Community
Contact
Affiliate
Customers",None,None
"Log in with Google
Log in with Github
Log in with SSO
OR
Show
LOGIN
Forgot Password?
No account? Sign up
By clicking Login or signing in through a third party you accept the LambdaTest Terms of Service and acknowledge the Privacy Policy and Cookie Policy
Home
About
Reviews
Integrations
Privacy
Terms
Pricing
Community
Contact
Affiliate
Customers",main,None,None,None,None,None,None,None,"Log in with Google
Log in with Github
Log in with SSO
OR
Show
LOGIN
Forgot Password?
No account? Sign up
By clicking Login or signing in through a third party you accept the LambdaTest Terms of Service and acknowledge the Privacy Policy and Cookie Policy
Home
About
Reviews
Integrations
Privacy
Terms
Pricing
Community
Contact
Affiliate
Customers",None,None
"Log in with Google
Log in with Github
Log in with SSO
OR
Show
LOGIN
Forgot Password?
No account? Sign up
By clicking Login or signing in through a third party you accept the LambdaTest Terms of Service and acknowledge the Privacy Policy and Cookie Policy
Home
About
Reviews
Integrations
Privacy
Terms
Pricing
Community
Contact
Affiliate
Customers",div,None,None,userservice_section bg-white,None,None,None,None,"Log in with Google
Log in with Github
Log in with SSO
OR
Show
LOGIN
Forgot Password?
No account? Sign up
By clicking Login or signing in through a third party you accept the LambdaTest Terms of Service and acknowledge the Privacy Policy and Cookie Policy
Home
About
Reviews
Integrations
Privacy
Terms
Pricing
Community
Contact
Affiliate
Customers",None,None
"Log in with Google
Log in with Github
Log in with SSO
OR
Show
LOGIN
Forgot Password?
No account? Sign up
By clicking Login or signing in through a third party you accept the LambdaTest Terms of Service and acknowledge the Privacy Policy and Cookie Policy
Home
About
Reviews
Integrations
Privacy
Terms
Pricing
Community
Contact
Affiliate
Customers",div,None,None,flex items-center bg-lambda-80 min-h-screen,None,None,None,None,"Log in with Google
Log in with Github
Log in with SSO
OR
Show
LOGIN
Forgot Password?
No account? Sign up
By clicking Login or signing in through a third party you accept the LambdaTest Terms of Service and acknowledge the Privacy Policy and Cookie Policy
Home
About
Reviews
Integrations
Privacy
Terms
Pricing
Community
Contact
Affiliate
Customers",None,None
"Log in with Google
Log in with Github
Log in with SSO
OR
Show
LOGIN
Forgot Password?
No account? Sign up
By clicking Login or signing in through a third party you accept the LambdaTest Terms of Service and acknowledge the Privacy Policy and Cookie Policy
Home
About
Reviews
Integrations
Privacy
Terms
Pricing
Community
Contact
Affiliate
Customers",div,None,None,md:w-9/12 w-11/12 mx-auto,None,None,None,None,"Log in with Google
Log in with Github
Log in with SSO
OR
Show
LOGIN
Forgot Password?
No account? Sign up
By clicking Login or signing in through a third party you accept the LambdaTest Terms of Service and acknowledge the Privacy Policy and Cookie Policy
Home
About
Reviews
Integrations
Privacy
Terms
Pricing
Community
Contact
Affiliate
Customers",None,None
"Log in with Google
Log in with Github
Log in with SSO
OR
Show
LOGIN
Forgot Password?
No account? Sign up
By clicking Login or signing in through a third party you accept the LambdaTest Terms of Service and acknowledge the Privacy Policy and Cookie Policy
Home
About
Reviews
Integrations
Privacy
Terms
Pricing
Community
Contact
Affiliate
Customers",div,None,None,xl:w-6/12 lg:w-8/12 w-11/12 mx-auto xlm:py-0 xl:py-50 login__app,None,None,None,None,"Log in with Google
Log in with Github
Log in with SSO
OR
Show
LOGIN
Forgot Password?
No account? Sign up
By clicking Login or signing in through a third party you accept the LambdaTest Terms of Service and acknowledge the Privacy Policy and Cookie Policy
Home
About
Reviews
Integrations
Privacy
Terms
Pricing
Community
Contact
Affiliate
Customers",None,None
"Log in with Google
Log in with Github
Log in with SSO
OR
Show
LOGIN
Forgot Password?
No account? Sign up
By clicking Login or signing in through a third party you accept the LambdaTest Terms of Service and acknowledge the Privacy Policy and Cookie Policy",div,None,None,bg-white xxxl:px-106 xxl:px-93 md:px-80 px-40 xxxl:py-50 xxl:py-44 py-38 login_part shadow-md,None,None,None,None,"Log in with Google
Log in with Github
Log in with SSO
OR
Show
LOGIN
Forgot Password?
No account? Sign up
By clicking Login or signing in through a third party you accept the LambdaTest Terms of Service and acknowledge the Privacy Policy and Cookie Policy",None,None
"Log in with Google
Log in with Github
Log in with SSO
OR
Show
LOGIN
Forgot Password?
No account? Sign up
By clicking Login or signing in through a third party you accept the LambdaTest Terms of Service and acknowledge the Privacy Policy and Cookie Policy",div,None,None,clearfix registeraArea loginArea smtablet:mx-auto,None,None,None,None,"Log in with Google
Log in with Github
Log in with SSO
OR
Show
LOGIN
Forgot Password?
No account? Sign up
By clicking Login or signing in through a third party you accept the LambdaTest Terms of Service and acknowledge the Privacy Policy and Cookie Policy",None,None
None,div,None,None,text-center xxxl:mb-53 xxl:mb-46 mb-40,None,None,None,None,None,None,None
None,a,None,None,logo,None,None,None,https://www.lambdatest.com/,None,None,LambdaTest
None,img,None,None,xxxl:w-240 xxl:w-210 w-180 h-auto mx-auto block,None,None,None,None,None,None,None
"Log in with Google
Log in with Github
Log in with SSO
OR",div,None,None,None,None,None,None,None,"Log in with Google
Log in with Github
Log in with SSO
OR",None,None
Log in with Google,a,None,None,hover:underline  googleSignInBtn flex justify-center border-gray-210 border xxxl:h-54 xxl:h-47 h-40 items-center rounded-md,None,None,None,https://accounts.lambdatest.com/login/google/?disableSignup=1,Log in with Google,None,None
None,img,None,None,xxxl:w-23 xxl:w-21 w-19 xxxl:h-23 xxl:h-21 h-19,None,None,None,None,None,None,None
Log in with Google,span,None,None,text-gray-110 xxxl:text-size-16 xxl:text-size-14 text-size-12 tracking-custom font-semibold xxxl:ml-10 xxl:ml-8 ml-6,None,None,None,None,Log in with Google,None,None
Log in with Github,a,None,None,googleSignInBtn mt-10 hover:underline   flex justify-center border-gray-210 border xxxl:h-54 xxl:h-47 h-40 items-center rounded-md,None,None,None,https://accounts.lambdatest.com/login/github/v1?disableSignup=1,Log in with Github,None,None
None,img,None,None,xxxl:w-23 xxl:w-21 w-19 xxxl:h-23 xxl:h-21 h-19,None,None,None,None,None,None,None
Log in with Github,span,None,None, text-gray-110 xxxl:text-size-16 xxl:text-size-14 text-size-12 tracking-custom font-semibold xxxl:ml-10 xxl:ml-8 ml-6,None,None,None,None,Log in with Github,None,None
Log in with SSO,a,None,None,googleSignInBtn mt-10 hover:underline   flex justify-center border-gray-210 border xxxl:h-54 xxl:h-47 h-40 items-center rounded-md,None,None,None,https://accounts.lambdatest.com/sso,Log in with SSO,None,None
Log in with SSO,span,None,None, text-gray-110 xxxl:text-size-16 xxl:text-size-14 text-size-12 tracking-custom font-semibold xxxl:ml-10 xxl:ml-8 ml-6,None,None,None,None,Log in with SSO,None,None
OR,div,None,None,xxxl:my-41 xxl:my-38 my-35,None,None,None,None,OR,None,None
OR,div,None,None,w-full text-center border-b border-gray-410 mt-10 mr-0 mb-20 ml-0,None,None,None,None,OR,None,None
OR,span,None,None,xxxl:text-size-16 xxl:text-size-14 text-size-12 orsignup bg-white py-0 px-34 tracking-normal font-medium text-gray-500,None,None,None,None,OR,None,None
"Show
LOGIN",form,None,None,form,None,None,None,None,"Show
LOGIN",None,None
None,div,None,None,w-full custom__border,None,None,None,None,None,None,None
None,input,email,email,w-full tracking-custom xxxl:text-size-18 xxl:text-size-16 text-size-14 placeholder:text-gray-310 text-black rounded-md py-10 xxxl:px-24 xxl:px-18 px-12 xxxl:h-54 xxl:h-47 h-40,email,None,None,None,None,None,None
Show,div,None,None,w-full custom__border mt-20,None,None,None,None,Show,None,None
Show,div,None,None,block overflow-hidden relative,None,None,None,None,Show,None,None
None,input,password,password,w-full tracking-custom xxxl:text-size-18 xxl:text-size-16 text-size-14 placeholder:text-gray-310 text-black rounded-md py-10 xxxl:px-24 xxl:px-18 px-12 xxxl:h-54 xxl:h-47 h-40,password,None,None,None,None,None,None
Show,div,None,None,absolute right-0 top-0 w-60 h-40 block text-center,None,None,None,None,Show,None,None
Show,span,None,None,rounded-r inline-block bg-white text-size-12 text-gray-70 font-normal leading-height-40 h-0 block p-0 border-none cursor-pointer hover:text-black,None,None,None,None,Show,None,None
LOGIN,div,None,None,mt-20,None,None,None,None,LOGIN,None,None
LOGIN,button,login-button,submit,rounded block w-full text-size-14 h-40 tracking-widest font-bold uppercase g-recaptcha bg-black text-white disabled:opacity-50,None,None,None,None,LOGIN,None,None
"Forgot Password?
No account? Sign up",div,None,None,mt-20,None,None,None,None,"Forgot Password?
No account? Sign up",None,None
"Forgot Password?
No account? Sign up",p,None,None,None,None,None,None,None,"Forgot Password?
No account? Sign up",None,None
"Forgot Password?
No account? Sign up",span,None,None,clearfix,None,None,None,None,"Forgot Password?
No account? Sign up",None,None
Forgot Password?,span,None,None,float-left,None,None,None,None,Forgot Password?,None,None
Forgot Password?,a,None,None,t_shadow-none ml-0 text-size-12 text-black font-medium inline-block underline hover:underline hover:text-lambda-900,None,None,None,https://accounts.lambdatest.com/password/reset,Forgot Password?,None,None
No account? Sign up,span,None,None,float-right text-size-12 text-[#655F5F],None,None,None,None,No account? Sign up,None,None
Sign up,a,None,None,ml-12 text-size-12 text-black cursor-pointer font-medium inline-block t_shadow-none underline  hover:underline hover:text-lambda-900,None,None,None,https://accounts.lambdatest.com/register,Sign up,None,None
By clicking Login or signing in through a third party you accept the LambdaTest Terms of Service and acknowledge the Privacy Policy and Cookie Policy,div,None,None,mt-20 text-xs leading-5 min-w-full,None,None,None,None,By clicking Login or signing in through a third party you accept the LambdaTest Terms of Service and acknowledge the Privacy Policy and Cookie Policy,None,None
By clicking Login or signing in through a third party you accept the LambdaTest Terms of Service and acknowledge the Privacy Policy and Cookie Policy,p,None,None,None,None,None,None,None,By clicking Login or signing in through a third party you accept the LambdaTest Terms of Service and acknowledge the Privacy Policy and Cookie Policy,None,None
Terms of Service,a,None,None,text-lambda-900 hover:underline,None,None,None,https://www.lambdatest.com/terms-of-service,Terms of Service,None,None
Privacy Policy,a,None,None,text-lambda-900 hover:underline,None,None,None,https://www.lambdatest.com/privacy,Privacy Policy,None,None
Cookie Policy,a,None,None,text-lambda-900 hover:underline,None,None,None,https://www.lambdatest.com/legal/cookie,Cookie Policy,None,None
"Home
About
Reviews
Integrations
Privacy
Terms",div,None,None,flex items-center justify-center xxxl:mt-65 xxl:mt-57 mt-50,None,None,None,None,"Home
About
Reviews
Integrations
Privacy
Terms",None,None
Home,a,None,None,xxxl:text-size-18  xxl:text-size-16 md:text-size-14 text-size-9 font-normal text-gray-110 tracking-custom  hover:underline hover:text-gray-110,None,None,None,https://www.lambdatest.com/,Home,None,None
None,span,None,None,xxxl:w-6 xxl:w-5 w-4 xxxl:h-6 xxl:h-5 h-4 rounded-full bg-gray-110 xxxl:mx-23 xxl:mx-19 md:mx-15 mx-5,None,None,None,None,None,None,None
About,a,None,None,xxxl:text-size-18 xxl:text-size-16 md:text-size-14 text-size-9 font-normal text-gray-110 tracking-custom  hover:underline hover:text-gray-110,None,None,None,https://www.lambdatest.com/about,About,None,None
None,span,None,None,xxxl:w-6 xxl:w-5 w-4 xxxl:h-6 xxl:h-5 h-4 rounded-full bg-gray-110 xxxl:mx-23 xxl:mx-19 md:mx-15 mx-5,None,None,None,None,None,None,None
Reviews,a,None,None,xxxl:text-size-18 xxl:text-size-16 md:text-size-14 text-size-9 font-normal text-gray-110 tracking-custom  hover:underline hover:text-gray-110,None,None,None,https://www.lambdatest.com/reviews,Reviews,None,None
None,span,None,None,xxxl:w-6 xxl:w-5 w-4 xxxl:h-6 xxl:h-5 h-4 rounded-full bg-gray-110 xxxl:mx-23 xxl:mx-19 md:mx-15 mx-5,None,None,None,None,None,None,None
Integrations,a,None,None,xxxl:text-size-18 xxl:text-size-16 md:text-size-14 text-size-9 font-normal text-gray-110 tracking-custom  hover:underline hover:text-gray-110,None,None,None,https://www.lambdatest.com/integrations,Integrations,None,None
None,span,None,None,xxxl:w-6 xxl:w-5 w-4 xxxl:h-6 xxl:h-5 h-4 rounded-full bg-gray-110 xxxl:mx-23 xxl:mx-19 md:mx-15 mx-5,None,None,None,None,None,None,None
Privacy,a,None,None,xxxl:text-size-18 xxl:text-size-16 md:text-size-14 text-size-9 font-normal text-gray-110 tracking-custom  hover:underline hover:text-gray-110,None,None,None,https://www.lambdatest.com/legal/privacy,Privacy,None,None
None,span,None,None,xxxl:w-6 xxl:w-5 w-4 xxxl:h-6 xxl:h-5 h-4 rounded-full bg-gray-110 xxxl:mx-23 xxl:mx-19 md:mx-15 mx-5,None,None,None,None,None,None,None
Terms,a,None,None,xxxl:text-size-18 xxl:text-size-16 md:text-size-14 text-size-9 font-normal text-gray-110 tracking-custom  hover:underline hover:text-gray-110,None,None,None,https://www.lambdatest.com/legal/terms-of-service,Terms,None,None
"Pricing
Community
Contact
Affiliate
Customers",div,None,None,flex items-center justify-center xxxl:mt-13 xxl:mt-12 mt-11,None,None,None,None,"Pricing
Community
Contact
Affiliate
Customers",None,None
Pricing,a,None,None,xxxl:text-size-18 xxl:text-size-16 md:text-size-14 text-size-9 font-normal text-gray-110 tracking-custom  hover:underline hover:text-gray-110,None,None,None,https://www.lambdatest.com/pricing,Pricing,None,None
None,span,None,None,xxxl:w-6 xxl:w-5 w-4 xxxl:h-6 xxl:h-5 h-4 rounded-full bg-gray-110 xxxl:mx-23 xxl:mx-19 md:mx-15 mx-5,None,None,None,None,None,None,None
Community,a,None,None,xxxl:text-size-18 xxl:text-size-16 md:text-size-14 text-size-9 font-normal text-gray-110 tracking-custom  hover:underline hover:text-gray-110,None,None,None,https://community.lambdatest.com/,Community,None,None
None,span,None,None,xxxl:w-6 xxl:w-5 w-4 xxxl:h-6 xxl:h-5 h-4 rounded-full bg-gray-110 xxxl:mx-23 xxl:mx-19 md:mx-15 mx-5,None,None,None,None,None,None,None
Contact,a,None,None,xxxl:text-size-18 xxl:text-size-16 md:text-size-14 text-size-9 font-normal text-gray-110 tracking-custom  hover:underline hover:text-gray-110,None,None,None,https://www.lambdatest.com/contact-us,Contact,None,None
None,span,None,None,xxxl:w-6 xxl:w-5 w-4 xxxl:h-6 xxl:h-5 h-4 rounded-full bg-gray-110 xxxl:mx-23 xxl:mx-19 md:mx-15 mx-5,None,None,None,None,None,None,None
Affiliate,a,None,None,xxxl:text-size-18 xxl:text-size-16 md:text-size-14 text-size-9 font-normal text-gray-110 tracking-custom  hover:underline hover:text-gray-110,None,None,None,https://www.lambdatest.com/affiliate-program-partnership,Affiliate,None,None
None,span,None,None,xxxl:w-6 xxl:w-5 w-4 xxxl:h-6 xxl:h-5 h-4 rounded-full bg-gray-110 xxxl:mx-23 xxl:mx-19 md:mx-15 mx-5,None,None,None,None,None,None,None
Customers,a,None,None,xxxl:text-size-18 xxl:text-size-16 md:text-size-14 text-size-9 font-normal text-gray-110 tracking-custom  hover:underline hover:text-gray-110,None,None,None,https://www.lambdatest.com/customers/,Customers,None,None
None,div,None,None,None,None,None,None,None,None,None,None
None,script,None,None,None,None,None,None,None,None,None,None
None,script,None,text/javascript,None,None,None,None,None,None,None,None
None,div,None,None,None,None,None,None,None,None,None,None
None,script,None,text/javascript,None,None,None,None,None,None,None,None
None,script,None,text/javascript,None,None,None,None,None,None,None,None
None,script,None,text/javascript,None,None,None,None,None,None,None,None
None,script,None,text/javascript,None,None,None,None,None,None,None,None
None,script,None,text/javascript,None,None,None,None,None,None,None,None
None,script,None,text/javascript,None,None,None,None,None,None,None,None
None,div,None,None,None,None,None,None,None,None,None,None
None,script,None,None,None,None,None,None,None,None,None,None
None,script,None,text/javascript,None,None,None,None,None,None,None,None
None,div,None,None,None,None,None,None,None,None,None,None
None,script,None,text/javascript,None,None,None,None,None,None,None,None
None,script,None,text/javascript,None,None,None,None,None,None,None,None
None,div,batBeacon430915917657,None,None,None,None,None,None,None,None,None
None,img,batBeacon59315541638,None,None,None,None,None,None,None,None,None
None,script,None,text/javascript,None,None,None,None,None,None,None,None
